ASGS code,Location,Estimated resident population,Deaths,Standardised death rate
102011028,Avoca Beach - Copacabana,"7,481",27,3.6
102011029,Box Head - MacMasters Beach,"11,054",76,3.5
102011030,Calga - Kulnura,"4,700",37,5.2
102011031,Erina - Green Point,"14,654",361,6.9
102011032,Gosford - Springfield,"21,701",162,5.6
102011034,Kincumber - Picketts Valley,"7,537",89,4.4
102011035,Narara,"7,270",40,4.5
102011036,Niagara Park - Lisarow,"8,194",70,5.7
102011037,Point Clare - Koolewong,"6,613",82,5.8
102011038,Saratoga - Davistown,"7,207",51,3.4
102011039,Terrigal - North Avoca,"14,904",59,3.4
102011040,Umina - Booker Bay - Patonga,"24,846",283,5.6
102011041,Wamberal - Forresters Beach,"10,675",49,2.8
102011042,Woy Woy - Blackwall,"14,283",220,6.7
102011043,Wyoming,"11,344",166,6.8
10201,Gosford,"178,871","1,788",5.3
102021044,Bateau Bay - Killarney Vale,"22,905",346,7.9
102021045,Blue Haven - San Remo,"11,468",61,5
102021046,Budgewoi - Buff Point - Halekulani,"9,877",100,5.3
102021047,Chittaway Bay - Tumbi Umbi,"16,197",162,5.7
102021048,Gorokan - Kanwal - Charmhaven,"22,586",331,6.9
102021049,Jilliby - Yarramalong,"3,451",18,np
102021050,Lake Munmorah - Mannering Park,"11,039",103,4
102021051,Ourimbah - Fountaindale,"4,914",21,4.2
102021052,Summerland Point - Gwandalan,"6,631",49,4.7
102021053,The Entrance,"15,831",126,4.6
102021054,Toukley - Norah Head,"9,907",197,7.9
102021055,Tuggerah - Kangy Angy,"5,243",26,4.2
102021056,Warnervale - Wadalba,"20,974",218,8.5
102021057,Wyong,"9,279",89,6.4
10202,Wyong,"170,302","1,847",6.2
102,Central Coast,"349,173","3,635",5.7
115011290,Baulkham Hills - East,"24,736",227,5.8
115011291,Baulkham Hills (West) - Bella Vista,"22,129",91,3.1
115011294,Glenhaven,"6,327",80,4.5
115011296,West Pennant Hills,"12,392",34,3
115011553,Castle Hill - Central,"7,583",25,3.2
115011554,Castle Hill - East,"5,456",246,np
115011555,Castle Hill - North,"12,246",43,3.4
115011556,Castle Hill - South,"10,399",43,2.9
115011557,Castle Hill - West,"5,177",8,np
115011558,Cherrybrook,"18,825",110,3.4
115011621,Kellyville - East,"17,586",44,2.7
115011622,Kellyville - West,"12,494",78,5.6
11501,Baulkham Hills,"155,350","1,029",4.4
115021297,Dural - Kenthurst - Wisemans Ferry,"22,550",178,4.1
115021298,Galston - Laughtondale,"5,458",38,3.7
11502,Dural - Wisemans Ferry,"28,008",216,3.9
115031299,Bilpin - Colo - St Albans,"2,805",28,np
115031300,Kurrajong Heights - Ebenezer,"22,325",100,3.7
11503,Hawkesbury,"25,130",128,3.8
115041301,Pitt Town - McGraths Hill,"11,688",45,3.6
115041623,Box Hill - Nelson,"14,532",17,np
115041624,North Kellyville,"19,055",63,8.4
115041625,Rouse Hill - Beaumont Hills,"17,711",33,2.6
11504,Rouse Hill - McGraths Hill,"62,986",158,3.7
115,Sydney - Baulkham Hills and Hawkesbury,"271,474","1,531",4.2
116011303,Blacktown (East) - Kings Park,"17,244",124,6.6
116011304,Blacktown (North) - Marayong,"20,811",156,6.2
116011306,Doonside - Woodcroft,"23,459",111,5.4
116011307,Lalor Park - Kings Langley,"25,555",194,5.4
116011560,Blacktown - South,"12,675",71,4.7
116011561,Blacktown - West,"17,299",178,7.1
116011626,Seven Hills - Prospect,"14,866",75,4.4
116011627,Toongabbie - West,"11,701",45,4.1
11601,Blacktown,"143,610",954,5.6
116021309,Glenwood,"15,790",30,3.3
116021562,Acacia Gardens,"3,609",8,np
116021563,Quakers Hill,"25,043",86,5.5
116021628,Kellyville Ridge - The Ponds,"21,260",78,4.8
116021629,Marsden Park - Shanes Park,"19,868",33,4
116021630,Riverstone,"15,501",49,5.1
116021631,Schofields (West) - Colebee,"11,452",15,np
116021632,Schofields - East,"29,678",40,4.2
116021633,Stanhope Gardens - Parklea,"13,083",41,4.4
11602,Blacktown - North,"155,284",380,4.5
116031313,Bidwill - Hebersham - Emerton,"18,536",132,6.6
116031314,Glendenning - Dean Park,"8,392",58,8
116031315,Hassall Grove - Plumpton,"21,332",85,5.9
116031316,Lethbridge Park - Tregear,"21,916",121,6.4
116031317,Mount Druitt - Whalan,"23,208",139,5.7
116031318,Prospect Reservoir,16,0,np
116031319,Rooty Hill - Minchinbury,"22,832",252,7.7
11603,Mount Druitt,"116,232",787,6.8
116,Sydney - Blacktown,"415,126","2,121",5.7
117011320,Banksmeadow,594,3,np
117011321,Botany,"13,254",71,5.2
117011323,Pagewood - Hillsdale - Daceyville,"15,398",111,5.6
117011634,Eastlakes,"8,823",58,4.6
117011635,Mascot,"22,778",71,3.7
11701,Botany,"60,879",314,4.8
117021327,Petersham - Stanmore,"19,992",115,5
117021328,Sydenham - Tempe - St Peters,"8,395",37,4.4
117021636,Marrickville - North,"12,327",89,5.9
117021637,Marrickville - South,"14,188",115,5.5
11702,Marrickville - Sydenham - Petersham,"54,902",356,5.3
117031329,Darlinghurst,"10,617",54,5.1
117031330,Erskineville - Alexandria,"19,970",58,4.3
117031331,Glebe - Forest Lodge,"20,628",86,4
117031333,Potts Point - Woolloomooloo,"18,256",138,5.3
117031336,Surry Hills,"15,952",117,6.8
117031638,Camperdown - Darlington,"8,452",22,4
117031639,Chippendale,"8,237",12,np
117031640,Newtown (NSW),"14,853",51,4.4
117031641,Pyrmont,"12,965",31,2.4
117031642,Redfern,"14,098",90,5.6
117031643,Rosebery - Beaconsfield,"12,914",35,3.7
117031644,Sydney (North) - Millers Point,"8,181",22,2.6
117031645,Sydney (South) - Haymarket,"21,048",23,3.2
117031646,Ultimo,"7,801",12,np
117031647,Waterloo,"17,010",100,6.5
117031648,Zetland,"13,349",14,np
11703,Sydney Inner City,"224,331",865,4.6
117,Sydney - City and Inner South,"340,112","1,535",4.8
118011339,Bondi - Tamarama - Bronte,"19,258",89,3.7
118011340,Bondi Beach - North Bondi,"21,095",65,3.9
118011341,Bondi Junction - Waverly,"17,852",133,4.9
118011342,Centennial Park,0,0,np
118011344,Dover Heights,"11,119",71,4.3
118011345,Paddington - Moore Park,"14,820",82,4.2
118011346,Rose Bay - Vaucluse - Watsons Bay,"11,847",108,4
118011347,Woollahra,"7,476",61,3
118011649,Bellevue Hill,"14,435",91,3.4
118011650,Double Bay - Darling Point,"9,987",73,3.4
11801,Eastern Suburbs - North,"127,889",773,3.9
118021564,Kensington (NSW),"12,301",78,4.3
118021565,Kingsford,"14,146",82,4
118021566,Maroubra - North,"9,984",113,5
118021567,Maroubra - South,"11,174",68,4.5
118021568,Maroubra - West,"10,011",41,3.3
118021569,Randwick - North,"16,173",188,6.3
118021570,Randwick - South,"12,789",97,5
118021651,Coogee - Clovelly,"19,426",63,3.6
118021652,Malabar - La Perouse,"10,611",132,6
118021653,Matraville - Chifley,"13,427",104,5.2
118021654,South Coogee,"5,635",46,5.2
11802,Eastern Suburbs - South,"135,677","1,012",4.8
118,Sydney - Eastern Suburbs,"263,566","1,785",4.4
119011354,Bass Hill - Georges Hall,"24,029",246,6.5
119011355,Chullora,"1,450",5,np
119011356,Condell Park,"12,892",49,3.7
119011358,Padstow,"17,079",163,5
119011360,Revesby,"17,903",188,6.1
119011361,Yagoona - Birrong,"22,623",143,4.8
119011571,Bankstown - North,"17,153",72,4.5
119011572,Bankstown - South,"18,593",122,5.3
119011655,Greenacre - North,"14,741",146,6.5
119011656,Greenacre - South,"13,302",85,5.2
119011657,Panania (North) - Milperra,"11,350",70,4.7
119011658,Panania (South) - Picnic Point,"16,058",82,4.1
11901,Bankstown,"187,173","1,371",5.3
119021362,Belmore - Belfield,"20,501",149,4.6
119021366,Punchbowl,"21,526",114,4.7
119021367,Roselands,"14,646",94,4.5
119021573,Lakemba,"16,891",111,6.6
119021574,Wiley Park,"10,066",34,4.3
119021659,Campsie - North,"11,809",75,4.4
119021660,Campsie - South,"8,997",42,4.3
119021661,Canterbury - South,"12,529",92,5.4
119021662,Earlwood,"17,901",129,3.9
119021663,Kingsgrove - North,"6,228",36,3.5
11902,Canterbury,"141,094",876,4.6
119031370,Narwee - Beverly Hills,"13,677",121,4.6
119031371,Oatley - Hurstville Grove,"12,515",88,4.2
119031372,Peakhurst - Lugarno,"20,322",213,5.1
119031373,Riverwood,"11,562",91,5.1
119031374,South Hurstville - Blakehurst,"25,611",202,4.1
119031664,Hurstville - Central,"12,373",39,3
119031665,Hurstville - North,"11,971",114,4.7
119031666,Mortdale - Oatley,"14,779",93,4.2
119031667,Penshurst,"9,508",50,4
11903,Hurstville,"132,318","1,011",4.4
119041377,Kingsgrove (South) - Bardwell Park,"12,929",80,3.3
119041378,Kogarah,"13,466",133,5.3
119041379,Kogarah Bay - Carlton - Allawah,"16,361",91,4.1
119041380,Monterey - Brighton-le-Sands - Kyeemagh,"13,648",114,3.9
119041381,Rockdale - Banksia,"20,212",141,5.1
119041382,Sans Souci - Ramsgate,"16,516",141,3.9
119041668,Arncliffe - Bardwell Valley,"16,751",112,5.9
119041669,Bexley - North,"10,000",172,8.1
119041670,Bexley - South,"15,715",178,6.2
119041671,Wolli Creek,"11,408",14,np
11904,Kogarah - Rockdale,"147,006","1,176",4.9
119,Sydney - Inner South West,"607,591","4,434",4.8
120011383,Concord - Mortlake - Cabarita,"23,170",180,4.3
120011385,Drummoyne - Rodd Point,"18,236",155,4.2
120011386,Five Dock - Abbotsford,"20,838",177,4.6
120011672,Concord West - North Strathfield,"12,748",50,3.7
120011673,Rhodes,"11,725",27,5.1
12001,Canada Bay,"86,717",589,4.3
120021387,Balmain,"15,450",62,3.2
120021389,Lilyfield - Rozelle,"13,626",87,5.3
120021674,Annandale (NSW),"9,525",68,6
120021675,Leichhardt,"17,664",106,5.5
12002,Leichhardt,"56,265",323,4.8
120031392,Canterbury (North) - Ashbury,"12,103",59,3.6
120031393,Croydon Park - Enfield,"17,430",129,4.4
120031394,Dulwich Hill - Lewisham,"18,086",119,5.1
120031395,Haberfield - Summer Hill,"13,524",136,5.7
120031396,Homebush,"21,396",39,3.5
120031576,Strathfield South,"3,597",20,4.2
120031676,Ashfield - North,"11,445",103,6.1
120031677,Ashfield - South,"12,213",161,6.6
120031678,Burwood (NSW),"16,528",61,4
120031679,Croydon,"10,942",83,4.1
120031680,Strathfield - East,"16,597",84,3.8
120031681,Strathfield - West,"9,208",73,4
12003,Strathfield - Burwood - Ashfield,"163,069","1,067",4.7
120,Sydney - Inner West,"306,051","1,979",4.6
121011399,Chatswood (West) - Lane Cove North,"21,613",102,4.1
121011401,St Leonards - Naremburn,"12,232",39,3.4
121011682,Artarmon,"9,394",38,3.4
121011683,Castle Cove - Northbridge,"13,336",118,3.8
121011684,Chatswood - East,"19,739",140,4.4
121011685,Greenwich - Riverview,"12,836",50,3.3
121011686,Lane Cove,"16,066",87,4.5
121011687,Willoughby,"12,867",100,4.6
12101,Chatswood - Lane Cove,"118,083",674,4
121021403,Asquith - Mount Colah,"22,370",64,3.2
121021404,Berowra - Brooklyn - Cowan,"11,758",58,3.5
121021406,Normanhurst - Thornleigh - Westleigh,"19,211",129,4.7
121021577,Hornsby - East,"11,932",49,3.5
121021578,Hornsby - West,"10,612",75,4.9
121021579,Wahroonga (West) - Waitara,"12,002",156,5.6
12102,Hornsby,"87,885",531,4.4
121031407,Gordon - Killara,"22,435",157,3.7
121031408,Lindfield - Roseville,"24,661",117,3
121031409,Pymble,"17,266",65,2.7
121031410,St Ives,"21,786",129,3
121031411,Turramurra,"20,170",231,4.5
121031412,Wahroonga (East) - Warrawee,"18,150",148,3.9
12103,Ku-ring-gai,"124,468",847,3.5
121041413,Cremorne - Cammeray,"18,926",73,2.9
121041414,Crows Nest - Waverton,"17,938",69,3.3
121041416,Neutral Bay - Kirribilli,"17,213",129,3.6
121041417,North Sydney - Lavender Bay,"12,651",44,3.1
121041688,Mosman - North,"13,735",92,3.1
121041689,Mosman - South,"14,388",106,3.8
12104,North Sydney - Mosman,"94,851",513,3.3
121,Sydney - North Sydney and Hornsby,"425,287","2,565",3.8
122011418,Balgowlah - Clontarf - Seaforth,"20,544",86,3.2
122011419,Manly - Fairlight,"22,780",137,3.7
12201,Manly,"43,324",223,3.4
122021420,Avalon - Palm Beach,"12,921",93,3.7
122021421,Bayview - Elanora Heights,"11,174",82,3.4
122021422,Newport - Bilgola,"13,517",59,3.2
122021690,Mona Vale - Warriewood (North),"14,699",204,5.1
122021691,North Narrabeen - Warriewood (South),"10,906",74,4.7
12202,Pittwater,"63,217",512,4.1
122031424,Beacon Hill - Narraweena,"14,472",95,4
122031425,Cromer,"8,130",46,3.1
122031427,Forestville - Killarney Heights,"13,188",92,3.7
122031429,Freshwater - Brookvale,"22,006",114,4.4
122031430,Manly Vale - Allambie Heights,"17,417",171,5.6
122031432,Terrey Hills - Duffys Forest,"3,719",44,4.9
122031692,Belrose,"8,637",134,5.3
122031693,Collaroy - Collaroy Plateau,"13,792",103,4.8
122031694,Dee Why (South) - North Curl Curl,"9,104",28,3.4
122031695,Dee Why - North,"18,027",78,3.7
122031696,Frenchs Forest - Oxford Falls,"17,212",63,2.9
122031697,Narrabeen - Wheeler Heights,"11,053",225,6.6
12203,Warringah,"156,757","1,193",4.5
122,Sydney - Northern Beaches,"263,298","1,928",4.2
123011433,Camden - Ellis Lane,"13,423",245,7.6
123011698,Currans Hill,"6,725",21,np
123011699,Elderslie - Narellan,"14,237",51,3.9
123011700,Harrington Park,"11,305",35,4.3
123011701,Mount Annan,"19,170",60,4.3
123011702,Spring Farm,"10,112",16,np
12301,Camden,"74,972",428,5.8
123021436,Bradbury - Wedderburn,"20,227",130,6.4
123021437,Campbelltown - Woodbine,"22,972",143,5.2
123021438,Claymore - Eagle Vale - Raby,"20,120",90,5
123021439,Holsworthy Military Area,3,0,np
123021441,Leumeah - Minto Heights,"16,797",106,4.8
123021443,Minto - St Andrews,"21,468",149,7.8
123021444,Rosemeadow - Glen Alpine,"21,252",166,6.8
123021703,Denham Court - Bardia,"17,530",33,3.3
123021704,Glenfield,"10,597",175,10.8
123021705,Ingleburn,"16,772",80,4.6
123021706,Macquarie Fields,"14,136",85,5.6
12302,Campbelltown (NSW),"181,874","1,157",6.1
123031445,Bargo,"6,039",28,3.8
123031446,Douglas Park - Appin,"11,532",76,5.5
123031447,Picton - Tahmoor - Buxton,"19,697",154,5.6
123031448,The Oaks - Oakdale,"10,041",38,3.4
12303,Wollondilly,"47,309",296,4.9
123,Sydney - Outer South West,"304,155","1,881",5.8
124011449,Blackheath - Megalong Valley,"5,800",40,3.8
124011450,Blaxland - Warrimoo - Lapstone,"19,058",82,3.4
124011451,Blue Mountains - North,9,0,np
124011452,Katoomba - Leura,"13,205",128,5.5
124011453,Lawson - Hazelbrook - Linden,"11,498",56,3.9
124011454,Springwood - Winmalee,"21,883",206,5.4
124011455,Wentworth Falls,"6,315",76,6.4
12401,Blue Mountains,"77,768",588,4.8
124021456,Blue Mountains - South,7,0,np
12402,Blue Mountains - South,7,0,np
124031457,Cambridge Park,"16,180",83,5.1
124031459,Emu Plains - Leonay,"13,839",123,5.3
124031460,Glenmore Park - Regentville,"20,961",63,4.2
124031461,Jamisontown - South Penrith,"17,403",146,6
124031462,Kingswood - Werrington,"25,266",155,6.6
124031463,Mulgoa - Luddenham - Orchard Hills,"12,362",38,4.3
124031464,Penrith,"18,854",250,8.7
124031465,Warragamba - Silverdale,"6,446",30,4.4
124031707,Cranebrook - Castlereagh,"17,099",63,4.6
124031708,Jordan Springs - Llandilo,"14,225",33,4
12403,Penrith,"162,635",984,5.8
124041466,Richmond - Clarendon,"15,532",222,7.1
124041467,Windsor - Bligh Park,"15,359",97,5.4
124041468,Yarramundi - Londonderry,"7,461",37,5
12404,Richmond - Windsor,"38,352",356,6.4
124051469,Erskine Park,"6,503",23,6
124051470,St Clair,"20,007",71,4.4
124051580,Colyton - Oxley Park,"13,176",61,5.3
124051581,St Marys - North St Marys,"17,678",198,9.8
12405,St Marys,"57,364",353,6.8
124,Sydney - Outer West and Blue Mountains,"336,126","2,281",5.7
125011475,Rookwood Cemetery,5,0,np
125011582,Auburn - Central,"19,751",94,5.8
125011583,Auburn - North,"10,580",55,6.6
125011584,Auburn - South,"8,953",74,6.4
125011585,Berala,"8,502",34,3.4
125011586,Lidcombe,"21,483",96,4.1
125011587,Regents Park,"5,102",25,4.3
125011709,Silverwater - Newington,"9,076",13,np
125011710,Wentworth Point - Sydney Olympic Park,"21,985",19,np
12501,Auburn,"105,437",410,4.6
125021477,Ermington - Rydalmere,"25,193",134,5.6
125021478,Oatlands - Dundas Valley,"18,637",109,4.1
125021711,Carlingford - East,"11,586",87,3.4
125021712,Carlingford - West,"19,553",66,2.8
12502,Carlingford,"74,969",396,4.1
125031479,Chester Hill - Sefton,"21,016",129,5
125031480,Fairfield - East,"15,766",202,7.9
125031481,Granville - Clyde,"23,627",100,4.7
125031483,Guildford - South Granville,"22,542",113,5.4
125031484,Guildford West - Merrylands West,"23,285",148,5.7
125031486,Smithfield Industrial,13,0,np
125031487,Yennora Industrial,13,0,np
125031713,Greystanes - South,"16,481",108,4.7
125031714,Merrylands - Holroyd,"24,083",108,4.9
125031715,Pemulwuy - Greystanes (North),"10,957",115,6.9
125031716,South Wentworthville,"7,408",29,3.5
12503,Merrylands - Guildford,"165,191","1,052",5.5
125041489,North Parramatta,"22,919",123,6
125041490,North Rocks,"8,470",57,5.2
125041491,Northmead,"20,401",140,6
125041493,Toongabbie - Constitution Hill,"23,046",186,5.2
125041494,Winston Hills,"11,061",84,4.2
125041588,Pendle Hill - Girraween,"13,810",112,6.3
125041589,Wentworthville - Westmead,"22,145",104,6
125041717,Parramatta - North,"12,467",19,np
125041718,Parramatta - South,"9,812",40,5.9
125041719,Rosehill - Harris Park,"8,919",31,5.2
12504,Parramatta,"153,050",896,5.4
125,Sydney - Parramatta,"498,647","2,754",5.1
126011496,Pennant Hills - Cheltenham,"21,794",125,2.9
126011720,Epping (East) - North Epping,"14,856",74,3.7
126011721,Epping (NSW) - West,"18,707",55,2.9
12601,Pennant Hills - Epping,"55,357",254,3.1
126021498,Gladesville - Huntleys Point,"15,521",98,4.3
126021499,Hunters Hill - Woolwich,"10,165",167,5.9
126021500,Macquarie Park - Marsfield,"24,831",203,5.1
126021501,North Ryde - East Ryde,"15,687",77,4.1
126021503,West Ryde - Meadowbank,"20,286",92,3.7
126021590,Putney,"4,171",19,np
126021722,Denistone,"6,964",32,2.9
126021723,Eastwood,"19,132",85,3
126021724,Ryde - North,"20,472",113,4.3
126021725,Ryde - South,"12,359",70,5
12602,Ryde - Hunters Hill,"149,588",956,4.3
126,Sydney - Ryde,"204,945","1,210",4
127011504,Ashcroft - Busby - Miller,"18,023",147,6.6
127011505,Austral - Greendale,"14,529",115,7.9
127011592,Badgerys Creek,23,0,np
127011593,Cecil Hills,"6,856",28,3.8
127011594,Green Valley,"12,779",65,4.2
127011595,Hinchinbrook,"12,993",44,4.2
127011596,Hoxton Park - Carnes Hill - Horningsea Park,"13,543",41,4
127011597,West Hoxton - Middleton Grange,"17,341",42,3.9
127011726,Cobbitty - Bringelly,"4,991",23,3.8
127011727,Gledswood Hills - Gregory Hills,"16,558",35,4.7
127011728,Leppington - Catherine Field,"14,603",41,4.1
127011729,Oran Park,"20,627",55,5.1
12701,Bringelly - Green Valley,"152,866",636,4.9
127021509,Bonnyrigg Heights - Bonnyrigg,"17,133",98,5.2
127021510,Bossley Park - Abbotsbury,"19,415",175,5.1
127021511,Cabramatta - Lansvale,"23,674",210,5.5
127021512,Cabramatta West - Mount Pritchard,"18,136",110,5
127021513,Canley Vale - Canley Heights,"22,086",158,5.6
127021514,Edensor Park,"10,188",83,4.8
127021515,Fairfield,"17,964",132,5.1
127021516,Fairfield - West,"21,329",107,4
127021517,Greenfield Park - Prairiewood,"8,703",57,4.4
127021518,Horsley Park - Kemps Creek,"4,256",41,6.3
127021519,Smithfield - Wetherill Park,"19,436",152,5.3
127021520,St Johns Park - Wakeley,"11,062",106,5
127021521,Wetherill Park Industrial,39,0,np
12702,Fairfield,"193,421","1,429",5.1
127031522,Casula,"16,498",114,5.2
127031523,Chipping Norton - Moorebank,"20,996",138,5.2
127031524,Holsworthy - Wattle Grove,"21,041",151,6.1
127031599,Lurnea - Cartwright,"12,839",85,5.6
127031601,Warwick Farm,"5,956",32,5.2
127031730,Edmondson Park,"14,262",12,np
127031731,Liverpool - East,"18,627",51,4.3
127031732,Liverpool - West,"13,729",136,6.9
127031733,Prestons,"15,660",93,6.3
12703,Liverpool,"139,608",812,5.6
127,Sydney - South West,"485,895","2,877",5.2
128011529,Gymea - Grays Point,"18,195",105,3.6
128011530,Miranda - Yowie Bay,"21,264",228,4.7
128011531,Sylvania - Taren Point,"16,431",230,4.9
128011602,Caringbah,"13,066",81,4.7
128011603,Caringbah South,"13,049",92,3.6
128011604,Cronulla - Kurnell - Bundeena,"24,582",200,4.5
128011605,Lilli Pilli - Port Hacking - Dolans Bay,"3,425",15,np
128011606,Woolooware - Burraneer,"9,096",47,4
12801,Cronulla - Miranda - Caringbah,"119,108",998,4.4
128021533,Heathcote - Waterfall,"6,711",98,5.2
128021534,Illawong - Alfords Point,"10,500",45,3.8
128021535,Menai - Lucas Heights - Woronora,"20,817",114,5.4
128021536,Oyster Bay - Como - Jannali,"22,248",136,4.4
128021537,Royal National Park,45,0,np
128021538,Sutherland - Kirrawee,"23,574",243,5.6
128021607,Engadine,"17,397",117,4.7
128021608,Loftus - Yarrawarrah,"7,354",30,3.7
128021609,Woronora Heights,"3,536",11,np
12802,Sutherland - Menai - Heathcote,"112,182",794,4.8
128,Sydney - Sutherland,"231,290","1,792",4.6
101021007,Braidwood,"4,366",39,4.5
101021008,Karabar,"8,528",49,5.4
101021009,Queanbeyan,"11,390",117,7.3
101021010,Queanbeyan - East,"5,090",27,4
101021012,Queanbeyan West - Jerrabomberra,"12,779",38,4.1
101021610,Googong,"6,748",6,np
101021611,Queanbeyan Surrounds,"16,864",56,3.8
10102,Queanbeyan,"65,765",332,4.9
101031013,Bombala,"2,467",30,8.1
101031014,Cooma,"6,670",78,5.9
101031015,Cooma Surrounds,"3,505",31,np
101031016,Jindabyne - Berridale,"8,224",35,3.3
10103,Snowy Mountains,"20,866",174,5.1
101041017,Batemans Bay,"8,651",121,6.2
101041018,Batemans Bay - South,"8,965",121,6.6
101041019,Bega - Tathra,"8,870",109,6
101041020,Bega-Eden Hinterland,"9,631",69,5.6
101041021,Broulee - Tomakin,"3,829",47,5.3
101041022,Deua - Wadbilliga,41,0,np
101041023,Eden,"3,416",56,6.7
101041024,Eurobodalla Hinterland,"3,565",36,6.5
101041025,Merimbula - Tura Beach,"11,506",122,5.2
101041026,Moruya - Tuross Head,"8,588",93,5.2
101041027,Narooma - Bermagui,"9,925",157,6.1
10104,South Coast,"76,987",931,5.8
101051539,Goulburn,"24,840",300,6.9
101051540,Goulburn Surrounds,"13,946",125,4.7
10105,Goulburn - Mulwaree,"38,786",425,6.1
101061541,Yass,"6,781",88,6.6
101061542,Yass Surrounds,"12,792",44,3.2
101061543,Young,"10,984",146,6.7
101061544,Young Surrounds,"7,682",93,5.7
10106,Young - Yass,"38,239",371,5.6
101,Capital Region,"240,643","2,233",5.5
103011059,Bathurst - East,"12,679",78,5.3
103011060,Bathurst Surrounds,"6,947",38,3.4
103011061,Oberon,"4,853",56,5.9
103011612,Bathurst - South,"10,727",213,8.5
103011613,Bathurst - West,"14,494",78,3.9
10301,Bathurst,"49,700",463,5.7
103021062,Condobolin,"6,404",80,6.7
103021063,Cowra,"9,244",186,8.2
103021064,Cowra Surrounds,"5,733",83,5.2
103021065,Forbes,"10,038",111,6.2
103021066,Grenfell,"3,600",46,np
103021067,Parkes (NSW),"10,974",122,6.6
103021068,Parkes Surrounds,"3,201",34,7
103021069,West Wyalong,"5,462",68,6.4
10302,Lachlan Valley,"54,656",730,6.5
103031070,Lithgow,"12,372",143,6.5
103031071,Lithgow Surrounds,"8,442",74,5.8
103031072,Mudgee,"12,571",117,6.3
103031073,Mudgee Surrounds - East,"3,366",58,np
103031074,Mudgee Surrounds - West,"11,166",104,6
103031075,Wollangambe - Wollemi,0,0,np
10303,Lithgow - Mudgee,"47,917",496,6.3
103041076,Blayney,"7,611",46,5.4
103041077,Orange,"19,135",243,7.1
103041078,Orange - North,"23,244",140,5.2
103041079,Orange Surrounds,"11,869",67,4.8
10304,Orange,"61,859",496,5.8
103,Central West,"214,132","2,185",6.1
104011080,Grafton,"19,453",257,6.5
104011081,Grafton Surrounds,"17,153",131,5.4
104011082,Maclean - Yamba - Iluka,"17,615",255,6
10401,Clarence Valley,"54,221",643,6
104021083,Bellingen,"6,164",62,6.5
104021084,Coffs Harbour - North,"18,363",176,5.3
104021085,Coffs Harbour - South,"11,367",245,8.2
104021086,Coramba - Nana Glen - Bucca,"3,979",18,np
104021087,Dorrigo,"3,230",36,np
104021088,Korora - Emerald Beach,"10,437",40,3.3
104021089,Sawtell - Boambee,"20,217",176,5.1
104021090,Urunga,"4,925",61,5.3
104021091,Woolgoolga - Arrawarra,"14,746",129,5.7
10402,Coffs Harbour,"93,428",943,5.7
104,Coffs Harbour - Grafton,"147,649","1,586",5.8
105011092,Bourke - Brewarrina,"3,515",42,9.7
105011093,Cobar,"4,125",34,7.6
105011094,Coonamble,"4,022",52,9.1
105011095,Nyngan - Warren,"4,595",51,6.5
105011096,Walgett - Lightning Ridge,"5,813",61,8.3
10501,Bourke - Cobar - Coonamble,"22,070",240,8
105021097,Broken Hill,"17,569",240,7.6
105021098,Far West,"2,295",20,np
10502,Broken Hill and Far West,"19,864",260,7.6
105031099,Coonabarabran,"7,960",112,6.5
105031100,Dubbo - East,"10,803",90,7.3
105031101,Dubbo - South,"19,975",193,6.5
105031102,Dubbo - West,"10,543",92,6.1
105031103,Dubbo Surrounds,"6,022",36,4.5
105031104,Gilgandra,"4,410",64,7.3
105031105,Narromine,"6,534",70,6.6
105031106,Wellington,"8,941",87,6.9
10503,Dubbo,"75,188",744,6.5
105,Far West and Orana,"117,122","1,244",7
106011107,Branxton - Greta - Pokolbin,"13,521",51,4.4
106011108,Cessnock,"23,856",302,7.8
106011109,Cessnock Surrounds,"9,355",49,4.1
106011110,Dungog,"9,722",89,5.3
106011111,Kurri Kurri - Abermain,"21,574",168,6.5
106011112,Singleton,"17,431",148,6.7
106011113,Singleton Surrounds,"5,398",18,np
10601,Lower Hunter,"100,857",825,6.2
106021114,Maitland,"9,146",87,7.2
106021116,Maitland - North,"8,948",50,4.9
106021614,East Maitland - Metford,"18,140",112,5.1
106021615,Rutherford (North) - Aberglasslyn,"18,391",191,7.9
106021616,Rutherford (South) - Telarah,"8,398",41,5.2
106021617,Tenambit - East Maitland,"10,291",66,4
106021618,Thornton - Millers Forest,"17,065",51,3.8
10602,Maitland,"90,379",598,5.5
106031119,Anna Bay,"6,591",55,4
106031120,Lemon Tree Passage - Tanilba Bay,"6,935",81,6.5
106031121,Nelson Bay Peninsula,"21,968",289,5
106031122,Raymond Terrace,"14,915",119,5.9
106031123,Seaham - Woodville,"5,743",16,np
106031124,Tea Gardens - Hawks Nest,"5,792",117,np
106031125,Williamtown - Medowie - Karuah,"15,566",87,4.4
10603,Port Stephens,"77,510",764,5.1
106041126,Muswellbrook,"12,417",83,6.4
106041127,Muswellbrook Surrounds,"4,123",46,np
106041128,Scone,"6,040",79,7
106041129,Scone Surrounds,"8,251",77,5.3
10604,Upper Hunter,"30,831",285,6.2
106,Hunter Valley exc Newcastle,"299,577","2,472",5.6
107011131,Dapto - Avondale,"24,451",249,5.8
107011132,Horsley - Kembla Grange,"12,990",67,6.2
107011133,Port Kembla Industrial,7,0,np
107011134,Unanderra - Mount Kembla,"15,237",182,6.8
107011545,Berkeley - Lake Heights - Cringila,"14,141",118,5.7
107011546,Port Kembla - Warrawong,"9,652",134,6.9
107011547,Windang - Primbee,"4,195",55,np
10701,Dapto - Port Kembla,"80,673",805,6.1
107021135,Illawarra Catchment Reserve,5,0,np
10702,Illawarra Catchment Reserve,5,0,np
107031136,Albion Park - Macquarie Pass,"20,634",129,5.8
107031137,Albion Park Rail,"6,880",107,8.4
107031138,Kiama,"8,846",97,3.9
107031139,Kiama Downs - Minnamurra,"5,960",38,3.6
107031140,Kiama Hinterland - Gerringong,"8,058",82,4.7
107031141,Shellharbour - Flinders,"19,815",101,4.7
107031142,Shellharbour - Oak Flats,"10,655",106,5.4
107031143,Warilla,"20,348",200,5.9
10703,Kiama - Shellharbour,"101,196",860,5.2
107041144,Balgownie - Fairy Meadow,"21,572",177,4.7
107041145,Corrimal - Tarrawanna - Bellambi,"16,111",146,6
107041146,Figtree - Keiraville,"23,017",183,5.1
107041147,Helensburgh,"9,088",88,6.9
107041148,Thirroul - Austinmer - Coalcliff,"11,945",54,4
107041150,Woonona - Bulli - Russell Vale,"20,622",232,6.4
107041548,Wollongong - East,"16,678",139,5
107041549,Wollongong - West,"16,754",102,5.2
10704,Wollongong,"135,787","1,121",5.3
107,Illawarra,"317,661","2,786",5.5
108011151,Bulahdelah - Stroud,"5,284",71,6.3
108011152,Forster,"14,657",254,5.8
108011153,Forster-Tuncurry Surrounds,"7,067",45,4.3
108011154,Tuncurry,"6,351",210,8.8
10801,Great Lakes,"33,359",580,6.3
108021155,Kempsey,"16,044",238,8.2
108021156,Kempsey Surrounds,"9,515",56,5
108021157,Macksville - Scotts Head,"5,280",78,5.7
108021158,Nambucca Heads,"7,153",139,7.6
108021159,Nambucca Heads Surrounds,"8,177",54,4.8
108021160,South West Rocks,"5,683",66,5.6
10802,Kempsey - Nambucca,"51,852",631,6.4
108031161,Lord Howe Island,450,0,np
10803,Lord Howe Island,450,0,np
108041162,Laurieton - Bonny Hills,"18,657",265,4.9
108041164,Port Macquarie - West,"22,031",358,6.4
108041165,Port Macquarie Surrounds,"5,311",30,4.9
108041166,Wauchope,"13,094",128,5.2
108041619,Port Macquarie - East,"11,857",63,3.6
108041620,Port Macquarie - South,"17,335",256,5.3
10804,Port Macquarie,"88,285","1,100",5.3
108051167,Gloucester,"5,310",54,4.8
108051168,Old Bar - Manning Point - Red Head,"12,708",124,4.6
108051169,Taree,"21,316",351,7.2
108051170,Taree Surrounds,"13,236",122,4.4
108051171,Wingham,"5,382",61,7.4
10805,Taree - Gloucester,"57,952",712,5.8
108,Mid North Coast,"231,898","3,023",5.8
109011172,Albury - East,"18,479",149,5.6
109011173,Albury - North,"10,506",96,6.8
109011174,Albury - South,"10,445",152,7.7
109011175,Albury Surrounds,"12,697",104,5.4
109011176,Lavington,"15,614",145,6.2
10901,Albury,"67,741",646,6.2
109021177,Hay,"2,854",36,np
109021178,Wentworth - Buronga,"6,635",67,6.1
109021179,Wentworth-Balranald Region,"3,632",33,6.3
10902,Lower Murray,"13,121",136,6.1
109031180,Corowa,"5,540",88,7.1
109031181,Corowa Surrounds,"7,300",78,5.5
109031182,Deniliquin,"7,032",107,6.7
109031183,Deniliquin Surrounds,"6,836",73,5.5
109031184,Moama,"7,145",81,4.8
109031185,Tocumwal - Finley - Jerilderie,"9,846",143,5.7
10903,Upper Murray exc. Albury,"43,699",570,5.8
109,Murray,"124,561","1,352",6
110011186,Armidale,"24,178",211,5.7
110011187,Armidale Surrounds - North,"4,553",46,6
110011188,Armidale Surrounds - South,"5,899",47,5.8
110011189,Walcha,"3,148",47,6.4
11001,Armidale,"37,778",351,5.7
110021190,Glen Innes,"8,945",117,6
110021191,Inverell,"12,167",150,6.3
110021192,Inverell Surrounds - East,"5,232",55,6.1
110021193,Inverell Surrounds - West,"5,738",80,6.2
110021194,Tenterfield,"6,879",103,6.1
11002,Inverell - Tenterfield,"38,961",505,6.1
110031195,Moree,"8,009",86,7.6
110031196,Moree Surrounds,"5,311",29,4.7
110031197,Narrabri,"6,898",67,7.2
110031198,Narrabri Surrounds,"4,642",44,6.7
11003,Moree - Narrabri,"24,860",226,6.8
110041199,Gunnedah,"9,912",92,6.3
110041200,Gunnedah Surrounds,"4,413",37,5.8
110041201,Quirindi,"7,660",78,5.7
110041202,Tamworth - East,"22,042",135,4.2
110041203,Tamworth - North,"16,693",265,7.1
110041204,Tamworth - West,"6,244",33,7.1
110041205,Tamworth Surrounds,"19,360",167,5.9
11004,Tamworth - Gunnedah,"86,324",807,5.8
110,New England and North West,"187,923","1,889",6
111011206,Belmont - Bennetts Green,"17,760",191,5.4
111011207,Belmont South - Blacksmiths,"5,667",50,5.1
111011208,Charlestown - Dudley,"25,512",196,4.6
111011209,Glendale - Cardiff - Hillsborough,"24,966",202,6
111011210,Mount Hutton - Windale,"9,597",150,9.5
111011211,Redhead,"3,782",71,np
111011212,Swansea - Caves Beach,"12,689",116,4.6
111011213,Valentine - Eleebana,"12,453",79,3.9
111011214,Warners Bay - Boolaroo,"14,898",106,4
11101,Lake Macquarie - East,"127,324","1,161",5.3
111021215,Bolton Point - Teralba,"10,376",168,8.1
111021216,Bonnells Bay - Silverwater,"9,928",66,3.9
111021217,Edgeworth - Cameron Park,"17,007",142,7.6
111021218,Morisset - Cooranbong,"18,687",299,6.1
111021219,Toronto - Awaba,"14,099",194,6.4
111021220,Wangi Wangi - Rathmines,"9,496",53,3.9
111021221,West Wallsend - Barnsley - Killingworth,"7,333",39,5.1
11102,Lake Macquarie - West,"86,926",961,6.1
111031222,Adamstown - Kotara,"16,815",75,3.6
111031223,Beresfield - Hexham,"8,660",83,6.2
111031224,Hamilton - Broadmeadow,"12,856",131,6.4
111031225,Lambton - New Lambton,"17,396",114,4.2
111031226,Maryland - Fletcher - Minmi,"16,951",69,4.7
111031227,Mayfield - Warabrook,"15,674",217,9.3
111031228,Merewether - The Junction,"14,619",99,4.9
111031229,Newcastle - Cooks Hill,"13,305",58,3.4
111031230,Newcastle Port - Kooragang,28,0,np
111031231,Shortland - Jesmond,"12,975",135,8.7
111031232,Stockton - Fullerton Cove,"9,142",96,5.6
111031233,Wallsend - Elermore Vale,"21,137",356,7.9
111031234,Waratah - North Lambton,"12,999",225,9.3
111031235,Wickham - Carrington - Tighes Hill,"9,511",48,5.1
11103,Newcastle,"182,068","1,706",6.3
111,Newcastle and Lake Macquarie,"396,318","3,828",5.9
112011236,Ballina,"18,748",361,6.2
112011237,Ballina Surrounds,"18,611",138,4.5
112011238,Bangalow,"7,125",39,5.4
112011239,Brunswick Heads - Ocean Shores,"9,284",64,4.9
112011240,Byron Bay,"10,911",60,5
112011241,Evans Head,"5,722",41,4.4
112011242,Lennox Head - Skennars Head,"9,392",40,3.5
112011243,Mullumbimby,"9,003",75,5.8
11201,Richmond Valley - Coastal,"88,796",818,5.1
112021244,Casino,"12,344",150,6.3
112021245,Casino Surrounds,"7,453",81,6
112021246,Goonellabah,"13,780",152,6.6
112021247,Kyogle,"7,659",87,5.9
112021248,Lismore,"14,904",154,7.3
112021249,Lismore Surrounds,"15,855",87,4.3
11202,Richmond Valley - Hinterland,"71,995",711,6.1
112031250,Kingscliff - Fingal Head,"14,887",124,4.7
112031251,Murwillumbah,"9,482",141,6
112031252,Murwillumbah Surrounds,"10,463",73,4.3
112031253,Pottsville,"14,225",103,4.5
112031254,Tweed Heads,"20,771",308,6
112031550,Banora Point,"16,367",229,5.3
112031551,Terranora - North Tumbulgum,"3,345",17,np
112031552,Tweed Heads South,"8,429",146,5.9
11203,Tweed Valley,"97,969","1,141",5.3
112,Richmond - Tweed,"258,760","2,670",5.4
113011256,Griffith (NSW),"20,531",183,5.8
113011257,Griffith Surrounds,"12,840",88,5.3
113011258,Leeton,"10,324",91,6.3
113011259,Narrandera,"5,912",86,7.7
11301,Griffith - Murrumbidgee (West),"49,607",448,6.1
113021260,Tumbarumba,"3,517",36,5.6
113021261,Tumut,"6,679",93,7.4
113021262,Tumut Surrounds,"4,750",38,5.8
11302,Tumut - Tumbarumba,"14,946",167,6.4
113031263,Cootamundra,"7,718",100,5.9
113031264,Gundagai,"3,713",30,5.3
113031265,Junee,"6,384",58,5.7
113031266,Temora,"6,570",73,5.8
113031267,Wagga Wagga - East,"16,931",108,4.3
113031268,Wagga Wagga - North,"5,793",32,2.9
113031269,Wagga Wagga - South,"22,919",174,5.9
113031270,Wagga Wagga - West,"11,827",148,7.4
113031271,Wagga Wagga Surrounds,"18,174",131,5.1
11303,Wagga Wagga,"100,029",854,5.5
113,Riverina,"164,582","1,469",5.8
114011272,Berry - Kangaroo Valley,"9,367",117,4.7
114011273,Callala Bay - Currarong,"3,595",36,np
114011274,Culburra Beach,"5,056",52,5.5
114011275,Ettrema - Sassafras - Budawang,62,0,np
114011276,Huskisson - Vincentia,"4,914",32,3.8
114011277,North Nowra - Bomaderry,"16,222",161,5.4
114011278,Nowra,"23,239",281,7.6
114011279,St Georges Basin - Erowal Bay,"15,410",222,6.9
114011280,Sussex Inlet - Berrara,"4,686",71,np
114011281,Tomerong - Wandandian - Woollamia,"3,747",30,np
114011282,Ulladulla,"17,222",199,5.5
114011283,Ulladulla Surrounds,"5,849",41,3.8
11401,Shoalhaven,"109,369","1,242",5.7
114021284,Bowral,"13,509",209,5
114021285,Hill Top - Colo Vale,"6,466",39,5.1
114021286,Mittagong,"11,012",106,5.1
114021287,Moss Vale - Berrima,"10,766",112,5.6
114021288,Robertson - Fitzroy Falls,"3,842",20,np
114021289,Southern Highlands,"7,205",72,4.8
11402,Southern Highlands,"52,800",558,5
114,Southern Highlands and Shoalhaven,"162,169","1,800",5.5
